Component 1,Component 2,Component 3,Component 4,Component 5,Component 6,Component 7,Component 8,Component 9,Component 10
0.059936725,-0.04963352,0.04881835,-0.021299332,-0.013754331,-0.07999166,-0.07466905,0.12252517,-0.027548999,0.003134954
0.059989862,0.031841844,0.0020133094,-0.07164952,-0.13786086,-0.050630122,-0.02391215,-0.08717324,-0.013084395,-0.05566732
0.059982404,0.01576007,-0.0682736,-0.04349396,-0.0033015897,-0.11017654,-0.0060416698,-0.080387875,-0.002362475,-0.02274673
0.059989292,0.04817504,0.06275316,-0.03372039,-0.09065365,0.011306517,-0.01971664,0.05735747,0.020483233,0.10719303
0.05999832,0.0016419219,0.0027431026,0.04362198,0.11356194,0.07963341,-0.032883357,0.10780206,-0.084788024,0.1473666
0.06000116,-0.033901367,-0.044109233,-0.004690776,-0.036036335,-0.0032949937,-0.00021845094,-0.099229865,-0.11499851,-0.01967049
0.059991613,-0.03403462,0.07065481,0.0172493,-0.08843254,0.104769066,0.041421648,-0.032434914,-0.06460735,0.022524577
0.059983782,-0.005919597,0.058335748,0.0028993073,-0.11175625,0.056623816,0.024373598,0.072391346,0.015365756,-0.0068919524
0.060003646,-0.025607,-0.049417462,0.0037894142,0.035021853,-0.08846213,-0.016671464,0.057104137,-0.010073909,-0.07315481
0.06000158,0.071678825,-0.020498976,-0.028262906,-0.1134764,-0.046512935,-0.03131475,0.05205584,-0.10095991,0.03368569
0.060007613,-0.08370238,0.15285234,0.0870553,0.045563545,-0.041126497,0.10116977,0.08590053,-0.102730334,-0.06379136
0.060010355,-0.027981311,0.05094391,0.1074311,0.0144386,0.1254045,-0.11960958,0.009387352,0.05612632,-0.06867791
0.059987403,-0.06848651,-0.024277247,-0.09410993,-0.01984155,0.0970486,-0.017006125,-0.07453133,-0.033954713,0.052930683
0.05999007,-0.042065248,-0.038044255,0.0811881,-0.0068805963,0.059225366,0.029825984,0.14278737,0.09371832,0.0067326054
0.059991047,0.06474292,-0.01104523,-0.022756897,-0.003976981,0.11200328,-0.004790276,-0.027056562,-0.07484353,-0.120070815
0.05998593,-0.032320146,0.07256935,-0.09312825,0.028420513,-0.0062792785,0.07936293,0.11781047,0.013386216,-0.0124144275
0.060005877,0.005332875,-0.010418633,0.030847607,-0.046179663,-0.0015654443,0.0013626039,0.040709794,-0.05267858,0.069129765
0.05999235,0.011433184,0.111575514,-0.05415122,-0.047132276,-0.004248657,0.00091425324,0.035152446,0.04942688,0.022370232
0.059982512,0.03463194,0.011518177,-0.014135989,-0.00012914275,0.012658918,0.031005325,0.03396803,0.004445295,-0.042477015
0.06001355,0.028570492,0.03232331,-0.0035508494,0.031974975,0.02049612,-0.043410964,-0.034274105,-0.028257761,-0.020811645
0.059997525,-0.010587316,-0.045089472,0.021359691,-0.10033247,-0.017353918,-0.0117367515,0.016973687,-0.056944255,0.015534969
0.05999712,-0.056058157,0.017094644,-0.016777853,-0.0064014443,-0.03278045,-0.062536135,0.05007873,0.12889378,-0.10988435
0.060001668,0.06985026,-0.0107840365,0.0182961,0.03146314,0.15436377,0.06782059,-0.04064316,0.009046705,-0.052912153
0.06000322,-0.08424465,0.068219945,0.114820495,-0.0890663,0.06802469,0.04153363,0.0015091049,0.004186907,-0.08117349
0.05999705,0.080137335,-0.07624962,-0.067903675,-0.007734095,0.03820421,-0.042996403,-0.09359427,0.037910502,-0.04382307
0.059995927,0.04425556,-0.0521841,-0.10184355,-0.097229995,0.002710872,-0.021401526,0.10748826,-0.04021661,-0.012203603
0.060002368,0.06746474,0.009538856,0.049319506,0.031211209,0.012592873,-0.02328209,0.049719002,-0.0412706,0.04900647
0.060005877,0.0028120296,0.074713014,0.030579325,0.07853923,0.047368024,-0.048487943,-0.08432247,0.06495719,-0.04663371
0.060002096,-0.027420415,-0.010202536,0.062405027,0.032944914,-0.067932345,-0.03895651,0.06328628,-0.010549797,-0.047152624
0.059999216,-0.0070248763,-0.005675479,-0.073840685,-0.023329359,-0.09651953,0.10321539,0.030579504,0.05334317,0.031168139
0.060018733,0.074519575,0.00040298037,0.0058252234,-0.011813441,0.0050959773,-0.082357086,0.050853822,0.17808622,0.085329644
0.06000399,0.010332856,-0.0880308,0.012290673,-0.05536709,0.02399475,-0.02903212,-0.040427715,0.071427844,-0.10265989
0.05999114,0.065627046,0.02866898,0.0034906429,0.0069932975,-0.040312354,0.04393882,-0.0932688,0.06607499,-0.023718826
0.060003355,0.08262366,-0.029568763,0.027560866,-0.05043185,-0.007140127,-0.045534432,-0.13879678,0.010597598,-0.0149288215
0.059990518,0.013971932,-0.09348157,0.012579613,-0.09896065,0.072014004,-0.0542007,-0.1069992,-0.0028415653,-0.018566154
0.060006164,-0.08141928,0.118909,0.0052141068,-0.07008829,0.070476666,-0.031509843,-0.057199325,0.029180916,0.032453395
0.060000826,-0.04939085,0.016111197,-0.067644864,-0.06540008,-0.0768244,-0.011993685,0.045514975,0.04949241,-0.010801126
0.05999825,0.16145717,0.090640925,-0.0054191477,0.029094443,0.013939388,-0.039707992,-0.017110486,0.05701776,0.026160408
0.06000114,0.005620476,0.1481489,-0.0052836547,0.04218089,-0.07671105,0.027272275,0.022133244,-0.01900519,-0.013253484
0.05999152,-0.040398173,0.0262149,0.04065438,0.019160867,0.07337832,0.01262848,-0.02867755,0.019112967,-0.07706478
0.060009595,-0.03343449,0.0011888448,-0.038252354,0.16528285,0.008899917,-0.02816153,-0.008034035,-0.029958053,0.038563747
0.060000934,-0.012174861,0.06979866,0.061588444,0.013386353,-0.017289218,-0.027723964,-0.035886418,-0.04204236,0.00034142417
0.059995867,0.028666375,-0.0434391,-0.14541428,-0.04991506,0.10909858,0.0075147203,-0.01212756,-0.016367609,0.0005344531
0.06001467,-0.009081275,0.010582695,-0.001358653,-0.016986117,-0.08900299,0.07439054,0.010465427,-0.04537621,0.00121298
0.05999013,-0.024086693,0.005286532,-0.055172026,-0.03463791,0.020833135,-0.021070743,0.024047315,-0.05360432,-0.050182153
0.060007982,0.09383946,0.06153163,0.028433966,0.001389083,0.12523901,-0.00868403,-0.005893317,-0.019369897,-0.0035816464
0.060007956,-0.014096387,-0.023187906,-0.006680362,0.039657947,0.062223434,-0.0062136,0.018663958,-0.07163669,-0.002067946
0.059996337,0.024253977,-0.011016937,0.016303867,-0.07115268,-0.098652214,0.014949014,-0.00021203281,-0.012241166,0.050001983
0.060012653,0.06089669,-0.05800764,-0.00047138883,0.13471715,-0.037957292,-0.02197527,0.028668523,-0.00093193416,-0.013416005
0.060006246,-0.0016818962,-0.0044076927,-0.006393558,-0.027108168,-0.06247027,0.17523718,-0.063742876,-0.03630524,0.014006265
0.0600041,0.0234509,-0.024817368,0.09705486,-0.03477472,-0.0148510495,-0.0914776,0.039726317,-0.06982914,0.05416202
0.06000643,0.06844069,0.030549688,0.011116286,0.071490474,-0.018154213,0.0060916035,0.095837794,-0.05208501,-0.03761848
0.06000005,0.03174231,-0.033817332,-0.008243553,0.1313563,-0.016296217,0.005940871,0.019564515,-0.04673335,-0.02032839
0.059999812,-0.034205467,0.08561911,-0.019797191,-0.027844988,-0.07491817,-0.014285225,0.10161294,0.080068275,-0.014177239
0.060006328,-0.026588019,-0.06794504,0.02519602,0.02964567,-0.070658684,0.02260194,0.053359896,0.020324247,-0.037794042
0.060004786,-0.0012283118,-0.0075745387,-0.010415254,0.0816557,-0.059153646,0.047889143,-0.032054566,-0.03147241,0.10802029
0.060008332,0.0011542327,-0.027502237,-0.034575358,0.002416339,0.05385625,-0.07994407,0.08818193,0.009154294,-0.040677674
0.059992235,0.044458933,-0.051136054,-0.037683822,0.004640207,0.06389083,0.04870373,-0.009156771,-0.011873164,0.10753097
0.06000253,-0.07264236,0.050971262,-0.039333124,0.034726944,-0.013880324,0.015328416,-0.033051442,0.043117654,0.04030726
0.060017496,-0.010164646,0.029624255,0.042908393,0.057037715,-0.031318318,-0.050460357,0.012553033,-0.094487965,0.16352268
0.06000199,0.059052482,0.04411263,0.019851873,0.037948027,-0.008483087,0.06655615,0.03416666,0.10363146,0.0418137
0.060001325,0.047057103,0.0067990087,-0.038705014,0.08064069,-0.032933444,-0.045778383,0.028986076,0.10800735,0.085734054
0.060023647,0.037917737,-0.073912494,0.05268516,-0.11872862,-0.079496376,0.024158532,0.14961609,0.013647958,0.010607235
0.059997544,-0.021620456,-0.07328952,-0.09230388,-0.07403188,0.12702213,0.012617495,-0.07897384,0.10391218,0.060896423
0.060006563,0.03476074,0.058053445,0.017084075,-0.018464187,-0.037467226,0.032641944,-0.0031216205,-0.076548815,0.103460245
0.06000463,0.08757057,-0.046962418,0.0076588616,0.05822543,0.04884028,0.009081844,0.10256768,0.018653788,-0.012762477
0.059994474,0.022572117,0.011696107,-0.032044973,-0.03769968,-0.05090422,0.010524917,0.1054276,-0.008041506,0.06680753
0.06001032,-0.01569019,-0.08166238,0.00078548427,-0.00393432,0.04668301,0.010968599,-0.06742968,-0.010958,-0.058129128
0.06000273,-0.026657706,-0.026655847,0.005299846,0.024439303,-0.02692384,0.0038177387,-0.053316496,-0.05064723,-0.019709002
0.059999548,0.067103244,-0.018366,-0.034538534,-0.027909225,0.028496848,-0.041185733,0.048767712,0.027456678,-0.059356548
0.06001052,0.01656391,0.027386596,-0.08863495,-0.07861018,-0.013403526,-0.15512998,-0.061759144,0.07393497,0.017810954
0.06000207,0.044840064,-0.037581764,0.028724896,0.10099698,-0.013885533,-0.034567647,-0.023706572,0.037640728,0.010912399
0.060007397,0.010838033,0.0050210925,0.039305076,0.04489207,-0.053702556,0.17324977,-0.03961881,-0.00047478368,0.0062394305
0.060014114,0.08248915,-0.012544817,0.009661818,0.022759728,-0.082697034,-0.09118211,-0.027181035,-0.034660064,0.006661231
0.05998695,0.039500598,-0.00055304717,-0.010658826,-3.2073407e-05,-0.055458464,0.065507635,-0.029259281,0.03582152,-0.040507514
0.060008634,-0.0116903465,-0.01398115,0.011338674,-0.07951334,0.038325753,0.094436996,-0.016547944,0.03990438,-0.0683177
0.06000053,0.012955107,0.026250442,0.037963133,-0.018734386,-0.0143515095,0.023018733,-0.04076138,0.07586085,0.01631717
0.06000717,0.11955153,0.0832615,0.047526438,-0.030294344,-0.07116093,0.014014594,0.047084697,-0.013449119,0.013611149
0.06000938,0.07680681,-0.1270662,-0.0042805383,-0.0044376245,-0.051540524,0.030796036,0.0069697876,0.007187465,-0.01042929
0.05998876,0.08964357,-0.029931499,-0.13592902,-0.09204986,0.06874058,-0.025074665,0.0005409585,0.076874964,0.20048337
0.060015712,-0.05227547,-0.021014547,-0.00824431,-0.031936027,-0.009998361,-0.05867936,-0.12690341,0.07303016,-0.086697765
0.05999484,0.01100994,0.030908238,0.058142282,0.055647835,0.046230372,-0.033599585,0.039959658,0.0040127095,0.018185446
0.06000935,0.026980724,0.015454543,0.013655419,-0.019919029,0.021456776,-0.102867626,0.005312378,0.03995692,0.053144384
0.060004093,-0.053502794,0.037743233,0.063798875,-0.08299454,0.042876128,-0.027501175,-0.0621709,-0.038443755,0.041216552
0.059993062,0.1365236,0.022919953,0.07627916,0.030484514,-0.0031412232,0.0045455256,-0.10628528,-0.024930526,0.01980828
0.0599956,0.0019067996,0.034133073,0.030646678,0.04974612,0.061603434,-0.034928218,-0.010845471,0.026301658,-0.07635326
0.059997097,-0.0040697427,-0.042252634,-0.08954814,-0.046030104,-0.03261519,-0.021133982,-0.052648604,0.021525934,-0.13104057
0.060003962,0.033411015,0.06715005,0.00019435416,0.07981746,-0.008585556,-0.035044815,-0.02197594,-0.014885874,-0.07266823
0.059995547,0.09212059,0.029328248,-0.029463332,-0.036056407,0.02539372,0.027545266,-0.055507656,0.020544464,-0.05255032
0.05998819,0.09911001,-0.05586621,-0.03872495,0.045114927,-0.013482478,0.0011370867,-0.026860466,-0.10744314,-0.0005356409
0.06001026,-0.048571277,0.047214303,-0.017275382,0.06181477,-0.04251255,-0.050644644,-0.08727466,0.089068875,0.011516962
0.060007382,-0.072793156,-0.051658053,0.04915514,0.11393924,-0.03598291,0.10260241,-0.0028001983,0.014631476,0.033226576
0.06000272,0.06506214,0.01670079,0.06177824,0.083220646,-0.055441704,-0.09875498,-0.031830903,0.023023454,-0.08778553
0.059999,0.05063847,-0.012216851,-0.016092831,0.0013820132,0.07973623,0.013517953,0.024619073,0.028287517,-0.10244684
0.060004912,0.07140144,3.6412286e-05,0.06376692,0.076917745,-0.030550592,0.13785717,-0.00624116,-0.00415603,0.02401852
0.059996318,-0.0070449356,-0.00786735,-0.032392927,-0.025067678,0.039753277,-0.11656212,0.015254564,-0.029232943,-0.021427307
0.05999832,-0.042600673,0.07766033,-0.051829536,0.0051155007,-0.06601065,0.061731536,0.009029408,0.00085668033,0.038652286
0.060023904,0.009524457,-0.01814328,0.0028817975,0.039340407,-0.05817102,2.8501929e-05,-0.03164062,-0.020294197,0.02072978
0.05999695,0.02938738,-0.052564062,-0.07355615,-0.04329553,-0.012632703,0.10891159,0.030104216,-0.021017052,0.02867689
0.060015682,-0.07902519,0.07976054,0.011190385,0.08146954,-0.04767858,-0.05844773,-0.07682803,-0.05416606,0.015706897
0.060008124,-0.019728238,-0.043942623,-0.045095023,-0.04499643,-0.0631429,0.043449737,-0.0066702925,-0.0016398411,0.06180285
0.05999333,-0.033623658,-0.032616984,-0.068044715,0.0396891,-0.03974114,-0.13009287,-0.004145134,-0.061549645,-0.025653513
0.060012795,-0.02531449,0.12066194,0.07781523,0.022957727,-0.048562825,-0.0471533,-0.11300401,0.04629849,0.068850994
0.05999835,0.052693754,0.042965688,0.07879264,-0.011767085,0.032606628,0.020966519,-0.006436727,0.026444128,-0.039853603
0.06000063,-0.11209491,-0.09310699,-0.09521239,0.12033351,0.124418974,-0.07136572,-0.05238052,-0.11404649,-0.08832304
0.059990995,0.019389585,-0.06610422,0.0016752683,-0.052623942,0.049424086,0.047477756,0.0015008956,0.028702863,0.045111477
0.059961602,0.059798628,0.1421364,-0.05907201,0.0027278233,0.16388439,0.05067412,0.0046378453,0.014951004,-0.03981677
0.059950225,0.028337704,0.057498027,-0.09358479,0.051058218,-0.025740609,-0.06377277,0.07991905,-0.08028472,-0.098228425
0.059903167,-0.010800616,0.10469984,0.022187265,-0.02762054,0.009691317,0.098124586,0.063271865,0.08076108,-0.0042693308
0.059865724,-0.01085441,-0.044493973,0.12949958,-0.0025177214,0.1058259,0.069229275,-0.036504816,-0.0030515357,0.0953347
0.059840623,0.04226952,-0.0278093,-0.068098225,0.023226652,-0.03216295,-0.087049425,0.031457894,-0.0012327555,0.05659081
0.059789624,-0.045515444,-0.09751502,0.023430398,0.037255242,0.07678401,-0.10780115,0.11625487,0.08284438,-0.0021045122
0.0597533,0.06663159,0.010925583,0.026286071,0.06821035,-0.053126093,-0.07874946,-0.009564941,0.018260365,-0.023800608
0.05971494,0.0982393,0.053975336,0.07391962,0.09073509,0.086727686,-0.07316841,0.008969045,-0.06725723,0.031703893
0.059669632,0.008821207,0.10258684,-0.046102356,0.05082568,-0.026031047,-0.08681159,-0.0050213365,-0.08958127,0.04198857
0.059634477,-0.11742128,-0.0134020485,0.072998315,-0.02520953,0.11637848,0.030881094,0.14073251,0.010679347,0.01926338
0.059580408,-0.021981103,-0.00715179,0.047434654,0.09843575,0.040388875,-0.030293455,-0.023606958,0.074381694,0.05123232
0.059550267,0.04205333,-0.001325674,0.025080852,0.030107668,-0.0040252334,0.027928889,0.016388007,0.024799686,-0.062102124
0.059500165,0.034418933,0.034352507,0.075640306,0.032726955,0.053189535,-0.049462363,-0.0054283156,-0.06076125,-0.004964711
0.05945232,-0.076863036,-0.010419116,0.02763243,0.071786,-0.019499963,-0.02972324,0.0667428,0.008828945,0.09515263
0.059422016,-0.006657304,0.036712375,0.09941361,-0.039255276,0.05088904,0.010434482,0.030826103,0.042231727,-0.020989474
0.059379905,0.0065534892,0.0028899387,0.07434966,-0.025903935,0.096312344,-0.028944202,0.0076301126,-0.0073764157,0.018894395
0.059345257,0.050288294,-0.042166967,0.117513984,0.02559626,0.030441098,0.032566804,0.093679,-0.013755111,0.11634596
0.05931223,-0.12432212,0.05263544,0.027291266,-0.011496614,0.026919,-0.09169117,-0.03809983,-0.111730434,0.036366496
0.05926543,-0.041388705,-0.033909872,0.051873606,-0.018747028,0.09041425,0.025925847,0.0038128404,0.044799097,0.0700828
0.059263967,-0.067674786,0.008920354,-0.078229845,-0.013518554,0.022559965,-0.026040561,0.045493018,-0.051389646,0.01789928
0.059244115,0.07723212,-0.12653823,-0.06509429,0.076788954,0.0028856208,-0.020617219,0.088478945,-0.027713519,0.0710644
0.059237726,0.10602221,-0.074362956,0.055074926,0.07657333,0.008235786,-0.021306867,0.10469514,0.059447493,-0.04180123
0.05922479,-0.052387312,0.0057460265,0.07518083,0.028968133,0.017927913,0.010009392,0.05562188,0.027050328,0.018643111
0.059205137,-0.017785128,-0.085141875,0.006141077,0.022908697,0.07169101,-0.10841433,0.08206491,0.03557895,-0.023202112
0.059200015,-0.06120253,0.006362946,0.019521855,0.019256203,0.03832585,-0.099343926,-0.05478844,0.029533815,0.0008051998
0.059189662,0.032388262,0.024544118,-0.026894225,0.0060036974,-0.06746547,-0.045941927,-0.005698319,0.04075521,0.050582256
0.05919567,0.071576506,-0.028899126,0.08776312,-0.033089682,0.023289887,0.013904523,0.044143073,-0.017195798,0.07078257
0.059184976,-0.051149294,-0.083649546,0.08198492,-0.023236377,0.022069661,-0.07264664,0.035749193,-0.07024856,-0.0026154951
0.059187695,-0.10708969,-0.04633159,-0.024321288,-0.0038871632,-0.026500314,0.09079079,0.12475757,0.040520884,-0.083853915
0.059172098,-0.011413643,0.0112840785,-0.046534933,-0.023212474,0.013507242,-0.07845849,0.008599104,-0.018482292,0.08894443
0.059170797,0.0026130448,0.09019991,-0.025936259,0.026614413,0.041464116,-0.09012617,0.014474137,-0.11106519,-0.030865412
0.059185993,0.08041392,0.051855605,-0.06952811,-0.07434463,-0.02600144,0.053238325,-0.00977781,0.015998192,-0.045128506
0.059164863,-0.008248398,-0.041625135,-0.08697745,0.12229859,0.06356314,-0.03258779,0.079718456,-0.04714366,0.096793495
0.059167612,-0.06346524,-0.021605467,0.06556597,-0.08923737,0.052104544,0.098982506,-0.04299188,0.016784217,0.08015622
0.059168577,0.0025189582,0.0055275294,-0.035910398,0.051747773,-0.03617066,-0.022531705,0.04356974,-0.0023294527,0.03979371
0.059142437,0.041445002,-0.10912921,0.05646587,-0.05689408,0.068245895,-0.032220226,-0.060730193,-0.0008325322,-0.0129426485
0.059165318,0.0835886,-0.014807776,-0.09471819,-0.05668104,0.034498792,0.050957523,-0.022667509,-0.011692724,0.09210894
0.05916496,0.0722302,0.049310908,0.07313664,0.009286559,0.00298895,0.04386384,0.018674497,-0.010562968,-0.023088763
0.0591649,-0.034538444,0.03281468,0.053470477,0.037828166,0.07716954,0.071467154,-0.06938276,-0.0050013145,0.09271604
0.05915563,0.03239269,-0.004752901,-0.011790491,0.024858054,0.0013773737,0.023225237,-0.0546911,-0.009242194,0.035136398
0.059133697,-0.06487034,0.005871092,-0.06311346,-0.056416865,-0.07547195,-0.0871634,-0.05227822,0.081854664,-0.008487752
0.059153747,-0.095629685,0.060326304,-0.027942866,-0.10911952,0.09734791,0.07974265,-0.052922785,0.04177172,0.03391906
0.059160147,-0.073897496,0.03609491,-0.083216555,0.014224587,0.008889438,0.042799424,0.04447205,0.040278297,0.03912993
0.059136003,0.017484287,-0.039440725,0.10740945,-0.06559591,-0.03588843,0.035076775,-0.09933701,0.044516686,0.03792931
0.059148766,0.035138275,0.010507301,-0.024669262,0.046620782,0.0177985,0.016327627,-0.04299217,-0.009057909,0.039662268
0.059150655,0.107706524,0.007911609,-0.014521573,-0.08105033,-0.035317086,-0.02912826,-0.058886755,0.059730172,0.07667282
0.059147287,-0.13114935,-0.09240876,-0.015535304,-0.017155737,-0.093664356,0.03463397,0.016217003,-0.09099072,0.05248117
0.05915523,0.039620623,-0.03718146,-0.036312737,-0.12747444,0.07110772,0.034274243,0.012510355,-0.08972526,-0.052245487
0.059147324,-0.050701763,-0.062315118,-0.044485793,-0.011167759,-0.02380062,0.026327506,-0.067538135,-0.029572716,0.019241951
0.059145004,-0.024946366,-0.0055345404,-0.09512129,-0.015768038,-0.06500221,-0.085961066,-0.083293766,-0.009684003,-0.0292275
0.059152756,-0.049996495,-0.07664593,0.030017093,0.109196804,-0.014135533,0.028664175,-0.018191352,0.07158168,0.0070888386
0.059151802,-0.059194747,-0.02890701,-0.006676204,-0.115864865,-0.12464457,-0.027172139,-0.10992433,-0.06553835,0.022674605
0.059156373,-0.024803389,0.022822859,-0.16627853,-0.0715545,-0.02257171,-0.02166417,-0.0033851448,0.03003385,-0.047262248
0.059135385,0.0009176831,-0.0188106,-0.011092235,0.020168103,0.015144161,0.0033731184,0.094668634,-0.021415558,-0.07361702
0.059138086,0.067771405,-0.036031,0.07038798,0.028054684,-0.047115628,-0.0063014533,-0.02809117,-0.030143064,-0.03424031
0.05914561,-0.059909776,0.039906304,0.06778211,0.023039542,0.014127688,0.048332833,-0.007286532,-0.018248655,0.010223968
0.059140008,0.005534819,-0.103958495,0.005915798,0.015076512,-0.044467393,-0.09120185,-0.09925996,0.02601487,-0.00026647176
0.059150852,-0.008770528,0.022579743,-0.0363504,-0.05104128,-0.060369182,0.07373877,-0.046774328,-0.04028602,0.0116228545
0.05915296,0.042114437,-0.058147002,-0.053598605,0.019490123,0.027100237,-0.0027535448,-0.042219073,0.025618017,-0.0104588885
0.05914531,0.019241005,-0.032307062,-0.017045213,0.04401502,-0.0002496428,0.021622444,0.026762018,-0.036579177,-0.022353597
0.059147205,0.00014863664,-0.0042427178,0.10762703,0.013839116,-0.0720333,0.0052616457,-0.020051138,-0.007881007,-0.15629986
0.0591536,0.019060364,-0.055454563,0.034330945,0.06094354,-0.1459944,-0.05804674,-0.12493297,0.1535593,-0.10836831
0.05914824,0.0013786524,-0.027956842,0.0075698714,-0.04490348,-0.0042254524,-0.07845033,-0.013097253,-0.009805444,0.1622459
0.059164315,-0.10888487,-0.0029585836,-0.09134439,0.015321368,-0.041910876,-0.018390168,0.07761872,-0.009161846,0.036818102
0.059152868,0.051872134,-0.0463325,-7.917583e-05,-0.0470058,-0.031296726,0.025830425,-0.01993872,-0.020620394,-0.007626955
0.05915373,-0.027134627,-0.07852673,0.07375045,0.035989325,-0.08954416,0.043927174,-0.048472278,-0.009457969,0.026826266
0.059166115,0.042679064,0.02751553,0.009863677,0.017162135,-0.0125280125,-0.04102115,0.021221781,-0.025476636,-0.06693847
0.059164178,0.07072999,-0.08074325,0.03328243,-0.055761997,-0.0132050235,-0.0020509071,0.10345027,0.04873449,0.037925687
0.059164733,0.042129494,0.034766257,-0.01939455,-0.008936313,0.0007435828,0.043683622,-0.02969674,0.049784254,0.028714849
0.059173685,0.008962836,-0.07553467,-0.0413258,0.02911619,-0.060802776,0.0037625958,-0.09329329,-0.019096186,-0.0482587
0.05916838,-0.10045101,0.05533408,-0.040221114,0.022365054,-0.07215817,0.018668486,0.014363109,0.024304349,-0.014529667
0.05919148,-0.018472297,0.045911554,0.021674104,-0.07882025,0.032630827,-0.056471314,-0.048677515,0.05394254,0.0011586292
0.059178732,-0.013362653,-0.0028155083,-0.072180554,-0.057308115,-0.10968509,-0.0535383,-0.039365884,0.04947976,0.011619186
0.059182897,0.04518269,-0.06684397,-0.018523904,-0.011026193,-0.08910398,0.11444108,0.03716746,-0.046710573,-0.05244898
0.05921908,-0.11721234,0.067918494,-0.16116033,0.2679679,0.10041768,0.13607895,-0.008173771,0.26372907,-0.0026277676
0.05918832,-0.0497096,-0.07355554,-0.019083947,0.036502056,-0.033506513,0.019115604,-0.055677816,-0.04140643,0.0007950424
0.05920598,-0.029766178,-0.084944405,0.049989723,-0.05144507,-0.03392812,-0.005558751,-0.07927099,0.0032050023,-0.022580944
0.059212584,0.06548275,-0.035914067,-0.05826512,0.0296385,0.05494919,0.09418814,-0.049015574,-0.06362373,0.07296562
0.0592133,-0.0060312254,0.055587187,0.07526207,0.0055569666,-0.016788812,0.080325074,0.013029663,-0.07387929,-0.1252354
0.059203386,-0.0414168,0.0046204366,0.015735768,-0.017465124,-0.03514275,0.081940696,-0.05182793,0.017523779,0.048360955
0.059224494,-0.03241971,-0.04858787,0.03569908,-0.019103827,-0.08202905,-0.013856318,-0.023914455,-0.08988591,0.13716489
0.059227698,-0.084286645,-0.005221547,-0.022231037,0.047621567,-0.03796615,-0.029388782,-0.034899022,0.024480322,-0.016520327
0.05924013,0.010031673,-0.06027361,0.043472245,0.02569075,0.014423357,0.06447295,-0.053725585,0.06690295,0.0024547232
0.059242122,0.06112818,0.044743765,-0.0075446116,-0.035917673,-0.087664045,0.043599032,0.022396533,0.09287699,-0.033562195
0.059245087,0.06534412,-0.022750417,0.086072125,0.0074862055,-0.0012249053,0.01749487,-0.08387783,0.02792906,0.07417254
0.05927744,0.022695843,0.019426968,-0.17287368,0.047541447,0.05848965,-0.040463615,0.03287368,0.019358467,0.08424337
0.059286837,-0.12069036,0.0061487774,0.15064433,0.033639725,-0.08553021,-0.026277177,-0.05950497,-0.09702848,-0.04811129
0.059323855,0.0109215975,0.022569247,-0.11162659,0.0060141473,0.081441015,0.021877967,0.008244501,0.06417444,-0.121412896
0.05938423,-0.035410106,-0.013910131,-0.07060394,0.07120344,0.027004417,0.034034155,0.092540145,-0.063216455,0.015432814
0.059412133,0.051531687,0.007519345,-0.04663107,-0.019394765,-0.010588659,-0.014146256,-0.002470678,0.007805102,-0.040555175
0.05944283,-0.029849077,-0.058363564,-0.018082056,-0.042752,-0.067498766,0.018692987,0.001595186,-0.090305045,-0.05129972
0.05947292,0.09213045,-0.045594238,0.111463875,-0.0008443439,-0.09173267,-0.02359208,0.035159264,0.013739187,-0.03736414
0.059521906,0.01086819,0.03449266,0.056776103,-0.09100147,0.012782693,-0.06711985,-0.01573041,0.0465132,0.042415705
0.05955796,0.15902792,0.10663407,0.01610766,-0.06928085,0.0043078675,0.014046886,-0.06328294,-0.050503265,-0.039897688
0.059600923,0.025090374,-0.031690493,0.04536719,0.034433518,-0.084228374,-0.08509553,0.025838263,0.047687847,-0.063870065
0.059641216,-0.038015272,0.023244677,0.057069056,0.06727235,-0.07326909,-0.06039685,0.011353841,0.051679064,-0.14455082
0.05968358,0.018786162,0.0066587855,-0.053930715,-0.0076961424,0.029167155,-0.019734617,-0.019873865,-0.08214512,-0.064747244
0.059741028,-0.022103366,-0.030224973,-0.011476584,0.022635587,0.07579377,-0.015395244,0.03802656,0.029657844,-0.0713911
0.05978067,0.0044151745,-0.08093832,0.052753154,-0.057264812,0.051507644,0.10126392,-0.020214172,-0.08596031,-0.03001653
0.05980577,0.006971983,0.03502497,0.054269705,-0.044274233,0.04564241,0.094851606,0.028754985,0.043952577,0.0130437575
0.05985275,-0.02463487,-0.005418052,0.20516345,-0.062398616,0.06000752,-0.0024140882,0.033208147,0.020274235,-0.046790008
0.059895467,0.13691026,0.06913372,-0.061294038,0.009007953,0.08614209,0.008885567,0.019897696,0.009352252,-0.09046471
0.059915613,-0.09320299,-0.040591255,0.05393147,0.11165233,0.005467209,0.10319742,-0.066061154,0.03624538,-0.14901109
0.059955604,0.12787561,0.11948483,-0.021986455,0.0034588254,-0.112315945,0.024046248,-0.06701522,-0.11531888,-0.017753562
0.059975427,-0.00051158556,0.052741684,-0.044149384,-0.007783298,0.072921716,0.09070283,-0.037261367,0.019924633,-0.049977537
0.059983872,0.055864844,0.03017923,0.028161695,-0.07416496,0.0042671035,0.14003512,0.0924735,0.052648805,-0.06651639
0.060015,0.15874428,-0.024843223,-0.08518712,0.0008791818,-0.043290738,0.039810564,0.073902495,-0.101866744,-0.037785884
0.06001331,0.07347875,0.02676635,-0.07124754,0.09570529,-0.08960625,0.08480434,-0.055271395,-0.057699036,-0.021495258
0.060012497,0.0220655,-0.08955315,-0.0589683,-0.016391452,0.010716597,0.1790486,0.0691758,-0.022549195,-0.11453646
0.060003724,0.041987777,0.038571306,-0.04062856,0.02789701,-0.10011445,-0.022032948,-0.03847045,-0.0130176125,0.044730093
0.060000733,0.077773556,-0.03786491,0.059796385,-0.0523658,0.088368334,-0.06461349,0.021779388,-0.04067489,-0.061119784
0.06001096,0.014269653,0.022055164,-0.023254005,-0.112549976,-0.0032002404,-0.038262807,0.05741199,-0.07076086,-0.14409803
0.060020868,-0.037871826,-0.04591987,0.014320111,0.06346995,-0.021159677,0.021422517,0.069099054,0.025222134,0.016278611
0.06001963,-0.01213207,-0.027894156,-0.079591446,0.06449224,-0.0022086098,0.0574448,0.0012094235,-0.051685788,0.039353613
0.0600138,0.0006678039,0.09103732,0.041204248,0.044524234,-0.026770726,-0.03289648,-0.013914706,-0.0016304009,0.06659851
0.060024787,-0.032640353,0.049054936,-0.07322312,-0.014875274,-0.0478506,0.0020744635,-0.010401759,0.07573795,0.025625499
0.06002233,0.00940334,0.08770032,-0.09971728,-0.05916805,0.06285805,-0.040923566,-0.08608091,-0.069677226,-0.039050378
0.06001543,-0.019695207,0.10319243,-0.06597477,-0.04255871,-0.04669885,-0.020204857,-0.06649285,-0.0022490313,-0.034887824
0.06003686,0.009400689,0.0019334769,0.051784277,0.0049252696,0.00018507778,0.074138984,-0.14691558,0.13255168,0.1287847
0.060018577,-0.0855559,0.04808959,0.03457983,0.0412792,-0.042726047,0.014690602,0.06041681,-0.0529941,-0.010391553
0.06003529,-0.049757894,-0.030805541,0.030680005,-0.0026694655,-0.03795303,0.091066815,0.11580489,-0.060454424,0.022068499
0.060012873,-0.10212483,0.013396401,0.018384999,-0.027385136,-0.05332539,-0.034050602,0.0102188485,-0.08400128,0.021731475
0.060027298,-0.03102499,0.14778686,0.011683901,-0.052140478,0.09461197,0.052406896,-0.003450253,-0.07000083,0.025899755
0.06003293,0.003646777,3.0257328e-05,0.11482074,-0.050880075,-0.009283353,0.022116693,0.09825848,-0.019264998,0.11748901
0.060020886,-0.028838772,-0.019841941,-0.12366259,0.018688662,-0.020005247,-0.023341928,-0.021295995,0.024965659,-0.05176489
0.06004032,-0.026337387,0.07456879,0.007875495,-0.034185786,-0.0076744435,-0.10873458,-0.02867397,0.05501715,0.13171224
0.060016364,-0.054832097,0.057683706,-0.036663778,0.043651737,0.048124738,0.027064523,-0.021773657,-0.044580396,0.074082784
0.060034215,-0.06894219,0.054130793,-0.0019532945,-0.082470275,-0.046979696,-0.055885483,0.080342464,0.15000524,0.040374886
0.060041573,0.038505096,0.031524405,-0.015083687,-0.044774942,0.15085217,-0.00639549,-0.059821405,0.010385696,-0.015839122
0.060013574,-0.018546067,0.03456053,-0.010918081,-0.0034395738,-0.098628744,-0.030119296,0.07671923,-0.028376339,0.12972914
0.060029197,0.06806964,0.09763577,-0.026343588,-0.09555276,-0.041224305,0.007488013,0.1419146,0.10388573,-0.027423607
0.060025956,0.020912983,0.0007542875,-0.010840278,0.024342598,-0.0024306912,0.048597578,0.025650393,-0.023831787,0.00824192
0.060028948,-0.1330953,-0.053449262,0.004177114,-0.060126577,-0.03224235,-0.015181142,0.11730259,-0.05677432,-0.07230445
0.06003376,-0.012010211,-0.06676647,-0.07642618,-0.02354154,0.0062188944,-0.06494336,0.018032394,-0.00408896,-0.057654873
0.06002107,-0.09670756,0.09826515,0.0060666525,0.026534162,-0.039416667,0.13060588,-0.08640441,0.07748883,0.032449696
0.060033187,-0.16027924,-0.060484417,0.043690503,-0.088130414,-0.0026838204,-0.121582404,-0.051706202,-0.023901578,-0.00951716
0.060023077,0.05524518,0.07281604,0.026913159,-0.0858205,-0.07557495,-0.016204463,0.037757795,0.034700084,-0.023902511
0.060035788,-0.109816104,-0.10964234,-0.011980961,-0.07550713,-0.0018556664,-0.068266384,0.037102018,0.095151484,0.0006483291
0.06003461,-0.01188595,0.023658108,0.040369466,0.0902377,0.097610705,0.0580737,-0.043183714,-0.11917454,0.014648773
0.060041066,0.0078844745,-0.12013801,0.0013644169,-0.0092524355,0.052014858,-0.0025822711,-0.08795837,0.114811264,0.017355874
0.060025793,-0.03457889,0.044627428,-0.009699109,0.092144474,0.041824263,0.07071159,-0.054911032,-0.06062574,-0.039287064
0.060024973,-0.091042854,-0.024087258,-0.029180987,0.022167392,0.013824772,-0.032276407,-0.10259472,-0.03532716,-0.088071816
0.060039986,-0.03277268,-0.1419909,-0.016802095,0.04486908,0.06230183,0.04958703,0.051087957,0.109371774,-0.08498807
0.060029402,0.021194804,-0.017459735,0.15654522,0.021430131,-0.10475469,-0.1428869,0.04991394,0.14234604,-0.058641635
0.06003525,-0.111410804,-0.011861323,0.04755915,-0.062347002,0.088392146,-0.008869994,-0.04509722,-0.09355927,-0.03173008
0.060022768,-0.07859619,-0.027817892,0.12626792,-0.0035888443,0.023851572,0.042240057,0.05616014,0.06395661,-0.0045212796
0.060017068,-0.041389022,0.013305616,-0.10007578,0.030331414,-0.031191226,0.015056723,-0.07198307,0.032067955,-0.014885929
0.060030345,0.055110402,-0.0843353,-0.017365906,0.116303414,-0.006351773,0.05752508,-0.111118175,-0.0029310747,0.12072417
0.06004798,-0.018256117,-0.091791295,-0.021103771,0.09812235,-0.11139804,-0.031458464,0.0858755,0.032163445,-0.004006592
0.06003106,-0.0060771042,0.070205204,0.092153355,-0.13294367,-0.11876687,0.08728061,-0.027510684,0.010518393,0.028779961
0.060030203,-0.03643075,-0.009678759,-0.066834,-0.060032167,0.0025056468,0.04905978,0.083259515,-0.033551257,-0.04381169
0.060018435,-0.014980523,0.03065187,-0.066890225,0.048428364,0.022602588,-0.05709704,-0.005442045,-0.1308191,0.05141827
0.060031727,-0.0391092,0.020214077,0.023767443,-0.04873934,0.0047253193,0.03718874,-0.0788781,-0.038377468,0.032064684
0.06002047,0.06511413,-0.031982977,0.015254867,0.10619346,-0.048529442,0.08501426,-0.014163325,0.04923074,-0.0039530406
0.060024258,0.011415695,0.032942586,0.043343626,-0.0231842,-0.016229773,-0.08723063,0.03370473,-0.008592677,-0.00879973
0.060031876,0.11312168,-0.07072599,0.0024197323,-0.038886733,0.04156158,-0.077721044,0.02334266,-0.08960949,0.05173682
0.06000867,-0.0882477,0.08767814,0.041728128,0.046225984,0.0070279688,-0.0027592496,-0.019444743,-0.11894906,-0.08815163
0.060020596,0.06661844,-0.037131388,-0.036770552,0.036385693,0.049384095,0.047740348,0.00886694,-0.01435391,0.028638214
0.060042433,-0.050480988,0.0049105696,0.03991932,0.080367215,0.013234581,-0.052754585,0.018687954,0.009580776,0.02790886
0.060026478,-0.10502761,-0.06419904,-0.057941716,-0.016506698,0.046289407,0.05113051,-0.06894981,-0.046549864,0.027859205
0.06003308,-0.0066946875,-0.09428967,-0.09518465,-0.046410736,0.09847707,0.011994571,0.14701773,0.032770086,0.0066423635
0.060018204,0.07545526,0.19746523,-0.028480425,0.0787713,-0.04273815,-0.057038456,0.070005305,-0.029060196,-0.02247239
0.060047384,0.11823551,-0.12928998,0.16379791,-0.0032474014,0.11648569,0.02101929,-0.029659908,-0.05683143,-0.056068122
0.060039487,-0.097702645,0.13807416,0.052413654,-0.12627846,-0.011944011,0.077730685,0.012409586,0.09419357,0.0035238336
0.060024746,-0.07466242,-0.17892289,-0.00930292,-0.15455271,-0.026844159,-0.007398917,0.009054177,0.020907834,-0.003275312
0.060019463,-0.07094369,0.006364718,-0.0021081688,-0.040598568,-0.13343598,0.022494148,0.015687387,-0.14795314,-0.04229837
0.060026743,-0.016006242,0.010990392,0.060010634,0.039273884,0.07851382,-0.11858464,0.0034504286,0.004664578,0.013866124
0.060023922,-0.0018226056,0.017864963,-0.07281596,-0.028965307,-0.006926798,0.079849176,-0.0092407325,0.082994714,-0.0512226
0.060041986,0.03365926,-0.07713006,0.05236575,0.050541885,-0.03399668,-0.03419642,-0.04880072,0.095193975,0.039506618
0.060032845,-0.013098688,0.14177556,0.0011864032,0.02217052,0.08183089,-0.045230784,-0.002200716,-0.0014369428,-0.109450765
0.060023177,-0.106480986,-0.04963805,-0.06675828,-0.0017918372,0.014624166,0.027618468,0.069473565,-0.078446954,0.03701365
0.060027823,-0.08270775,0.11800692,-0.0029935485,0.020136628,0.10621668,-0.116857715,0.009333105,0.0014313787,0.017184073
0.06002817,-0.04477662,-0.0987261,0.004208083,0.07108504,0.019114774,0.058270313,-0.077181645,-0.058975447,0.016066711
0.06002793,-0.117325366,-0.007339295,-0.0005846753,0.027006052,0.03629484,-0.015935102,0.033249818,0.07002526,0.105209865
